Index,Name,Description,Brand,Category,Price,Currency,Stock,Color,Size,Availability
1,Compact Printer Air Advanced Digital,Situation organization these memory much off.,"Garner, Boyle and Flynn",Books & Stationery,265,USD,774,ForestGreen,Large,pre_order
2,Tablet,Discussion loss politics free one thousand.,Mueller Inc,Shoes & Footwear,502,USD,81,Black,8x10 in,in_stock
3,Smart Blender Cooker,No situation per.,"Lawson, Keller and Winters",Kitchen Appliances,227,USD,726,SlateGray,XS,in_stock
4,Advanced Router Rechargeable,For force gas energy six laugh.,Gallagher and Sons,Kitchen Appliances,121,USD,896,PaleGreen,L,discontinued
5,Portable Mouse Monitor Phone,Feeling back religious however author room scientist.,Irwin LLC,Kids' Clothing,1,USD,925,SeaShell,100x200 mm,discontinued
6,Radio,Character prove growth contain serious customer.,"Benjamin, Nelson and Hancock",Skincare,426,USD,549,CornflowerBlue,30x40 cm,pre_order
7,Ultra Projector Oven Thermostat Prime Advanced,Pattern possible look necessary indicate work nearly.,"Mccoy, Waters and Rose",Laptops & Computers,68,USD,870,Purple,S,discontinued
8,Webcam Stove Grill,Deep area join carry age.,Morrow and Sons,Automotive,159,USD,584,MediumOrchid,8x10 in,pre_order
9,Eco Radio,Know father for act let.,"Edwards, Odonnell and Conley",Skincare,454,USD,499,DimGray,Medium,pre_order
10,Ultra Powerbank Brush Charger Max,Meeting add economic task outside.,"Brennan, Archer and Rosales",Fitness Equipment,845,USD,564,Silver,Extra Large,discontinued
11,Wireless Dock,Whole bill sound whether will.,Russo-West,Health & Wellness,257,USD,168,Wheat,Extra Large,pre_order
12,Fast Camera Router Fan Smart,Various above trouble itself crime form.,Vazquez and Sons,Cleaning Supplies,221,USD,672,MidnightBlue,Medium,pre_order
13,Heater Radio,Ten do evidence billion perhaps read bank enter.,Delgado-Blackwell,Cycling,689,USD,156,Orange,L,pre_order
14,Smart Trimmer Webcam Heater,Example available better.,Contreras PLC,Automotive,279,USD,818,Gainsboro,XXL,pre_order
15,Webcam Dock Heater,State yet soon traditional your deal.,"Juarez, Powell and Travis",Cleaning Supplies,101,USD,159,Sienna,30x40 cm,pre_order
16,Automatic Watch Lite Sense,As east entire positive source their.,"Reid, Chase and Ballard",Team Sports,316,USD,329,Tan,5x7 in,limited_stock
17,Eco Iron Monitor Air,Color single indeed yard event popular food boy.,Barker-Murphy,Automotive,982,USD,47,OliveDrab,XL,out_of_stock
18,Digital Tablet Router Printer Lite,Accept campaign every research test.,Vazquez-Smith,Health & Wellness,3,USD,732,LemonChiffon,10x10 cm,backorder
19,Eco Freezer Powerbank Watch,Of price visit interesting enter three set.,"Pruitt, Higgins and Barnett",Cleaning Supplies,340,USD,618,Cyan,S,limited_stock
20,Cooler Fan,Fall billion city share.,Bray LLC,Smartphones,529,USD,844,Bisque,XS,backorder
21,Portable Camera Plus Air Ultra,Reality hair explain up bad.,Wang-Valenzuela,Women's Clothing,197,USD,163,Magenta,L,in_stock
22,Wireless Powerbank 360 Advanced Ultra,Deal head decade age outside military culture.,Carney Ltd,Bedding & Bath,677,USD,418,Beige,M,out_of_stock
23,Rechargeable Lamp Speakerphone Headphones,Effort own safe main walk quickly.,"Gallegos, Osborne and Carpenter",Skincare,664,USD,577,DarkBlue,L,pre_order
24,Mini Scooter Microphone,Maybe around expect own whether pay.,"Douglas, Thornton and Soto",Grooming Tools,784,USD,510,DimGray,L,backorder
25,Rechargeable Webcam Stove Grill,Movement you Mr decide history effect.,Horn-Pope,Health & Wellness,900,USD,623,PaleGreen,5x7 in,out_of_stock
26,Mini Iron Drone Wireless Pro,From Congress low.,Khan-Parrish,Cycling,909,USD,797,CadetBlue,XXL,limited_stock
27,Portable Freezer Phone Automatic Smart,Live fish audience piece his ago true.,Burton PLC,Automotive,350,USD,756,Snow,XL,pre_order
28,Wireless Webcam Stove Grill,Pull at improve health also animal forward person.,Henry Group,Clothing & Apparel,858,USD,912,LightSalmon,50x70 cm,limited_stock
29,Clock Brush,Other another must explain send somebody consider.,Larson-Spence,Furniture,985,USD,180,SaddleBrown,Extra Large,in_stock
30,Keyboard Toaster Monitor,My head prove exist change.,Bonilla-Spears,Kids' Clothing,576,USD,988,DarkSlateGray,L,pre_order
31,Silent Printer Fan Shaver,Region week yet weight.,Love LLC,Sports & Outdoors,102,USD,669,MediumSpringGreen,L,limited_stock
32,Wireless Scooter Clean Mini,Green main imagine way suffer wall.,Terry-Oliver,Fragrances,283,USD,343,MintCream,S,pre_order
33,Advanced Microphone Cooler Eco,Most other newspaper beyond real.,"Morales, Weaver and Fernandez",Smartphones,904,USD,532,LightCyan,Extra Large,limited_stock
34,Automatic Brush Fast Eco,Record response relationship.,Newman Ltd,Kids' Clothing,407,USD,285,SeaGreen,8x10 in,out_of_stock
35,Premium Bicycle Microphone,Congress how list third rise.,"Novak, Archer and Walton",Shoes & Footwear,480,USD,364,AliceBlue,Extra Large,discontinued
36,Smart Phone Scooter Clean,Reality kid create thought window.,Marshall-Dougherty,Women's Clothing,635,USD,727,MediumVioletRed,10x10 cm,backorder
37,Bicycle,Garden mother before ten different increase.,Hays-Cunningham,Smartphones,234,USD,394,White,10x10 cm,backorder
38,Ultra Dock Trimmer Automatic Edge,Do customer stage act send.,Barnes-Glass,Kids' Clothing,640,USD,780,LightBlue,5x7 in,discontinued
39,Wireless Tablet Router Printer Wireless Premium Air,North meeting short summer situation positive candidate.,Meyers-Hess,Sports & Outdoors,781,USD,947,BlanchedAlmond,XL,out_of_stock
40,Clean Printer Advanced Premium Sense,Bag away always often join seat direction.,Williamson PLC,Haircare,913,USD,820,Moccasin,Small,discontinued
41,Silent Dock Fast,Speak not hospital bit part.,"May, Hendrix and Robbins",Fishing & Hunting,100,USD,802,CadetBlue,M,limited_stock
42,Ultra Speakerphone Oven Go Smart X,Value bill yeah tell phone.,"Zimmerman, Barr and Davis",Office Supplies,999,USD,853,MediumOrchid,12x18 in,pre_order
43,Rechargeable Projector Pro,Bank everything ago girl.,"Levine, Martin and Mccann",Home Decor,935,USD,55,SlateBlue,XL,limited_stock
44,Eco Vacuum,Bit name seat sea.,Werner PLC,Health & Wellness,259,USD,668,LightCoral,5x7 in,in_stock
45,Smart Grill Tablet Fridge Go Smart Smart,By result ago born become.,"Huff, Cameron and Stephenson",Fitness Equipment,488,USD,966,Cornsilk,10x10 cm,out_of_stock
46,Digital Stove Silent Pro,Suffer range between step mention peace prepare.,"Suarez, Riddle and Sanders",Health & Wellness,161,USD,349,OrangeRed,Extra Large,limited_stock
47,Portable Powerbank X Air,Present court note medical bed red movie.,Hanson-Schultz,Camping & Hiking,599,USD,263,Moccasin,Large,discontinued
48,Clock,Onto story what job require.,"Malone, Jacobson and Hudson",Team Sports,731,USD,664,FloralWhite,S,limited_stock
49,Radio Treadmill,Through choose record prove happen.,Barron-Little,Office Supplies,511,USD,395,Violet,XL,discontinued
50,Ultra Cooler Treadmill Touch Pro Ultra,Certainly simple light safe child PM candidate.,Bonilla-Oconnell,Fragrances,214,USD,574,NavajoWhite,XXL,pre_order
51,Mini Fridge Camera,Little determine at huge month.,Decker and Sons,Fitness Equipment,777,USD,832,PaleGoldenRod,Extra Large,in_stock
52,Rechargeable Tablet Plus Portable Mini,Expect question how sound.,Mooney-Gonzales,Fragrances,820,USD,535,Cyan,100x200 mm,in_stock
53,Tablet,Many deal community public beyond safe anyone.,"Blake, Weiss and Montgomery",Beauty & Personal Care,408,USD,922,Chocolate,Medium,backorder
54,Wireless Light Toaster Lite Touch Eco,Oil guy table industry hand which.,Singleton PLC,Bedding & Bath,791,USD,827,Fuchsia,50x70 cm,in_stock
55,Scooter,Small approach possible choose according.,Rivas Group,Cameras & Accessories,370,USD,601,DarkOrchid,L,backorder
56,Advanced Camera Heater Webcam X Ultra Prime,Audience bit past central film each.,Cervantes Ltd,Office Supplies,224,USD,372,Peru,50x70 cm,discontinued
57,Ultra Keyboard Compact Eco,Bit responsibility cover him mean call civil.,Pace-Hodges,Books & Stationery,514,USD,491,LightGray,8x10 in,backorder
58,Portable Scale Speaker Powerbank Clean,Throughout special new you view season within.,Morris LLC,Women's Clothing,689,USD,332,PowderBlue,Small,backorder
59,Oven Speaker Fan,Hot behavior traditional.,Schwartz Ltd,Men's Clothing,489,USD,423,GoldenRod,Small,pre_order
60,Automatic Speaker Router Lamp Prime,Word score education thousand high treatment.,"Sexton, Dickerson and Blair",Grooming Tools,621,USD,667,FireBrick,5x7 in,in_stock
61,Smart Webcam Projector Lock,Subject agree you off.,Stokes Inc,Men's Clothing,440,USD,973,SteelBlue,Medium,in_stock
62,Fast Fan,Avoid very final food scene possible.,Ali-Oliver,Cleaning Supplies,982,USD,804,DarkOrchid,100x200 mm,backorder
63,Automatic Cooler Edge,Career for much exist.,"Odonnell, Boyle and Oconnor",Beauty & Personal Care,124,USD,513,LimeGreen,50x70 cm,pre_order
64,Advanced Freezer Advanced Advanced,Chance material himself soldier.,Gill LLC,Office Supplies,489,USD,561,Tomato,S,pre_order
65,Silent Trimmer Shaver Fast,Task point seat better.,Munoz Group,Smartphones,130,USD,876,DarkSlateGray,5x7 in,in_stock
66,Treadmill,Vote only run modern.,"Frost, Christensen and Burnett",Women's Clothing,731,USD,744,Cyan,5x7 in,out_of_stock
67,Mini Charger Lock Oven Sense Sense,Major tell him share allow.,"Burton, Gross and Giles",Haircare,750,USD,623,Olive,12x18 in,in_stock
68,Thermostat Trimmer,Drug interview hotel decide pattern.,"Hester, Love and Lynch","Accessories (Bags, Hats, Belts)",206,USD,677,MidnightBlue,8x10 in,discontinued
69,Clean Iron Premium Air Wireless,Around tough popular present sign herself pattern.,"Shepherd, Greene and House",Beauty & Personal Care,293,USD,700,GhostWhite,XXL,out_of_stock
70,Compact Mouse Mouse Router Mini,Occur miss son Democrat happy.,Barry PLC,Smartwatches,5,USD,247,PapayaWhip,10x10 cm,limited_stock
71,Premium Lock Mini Advanced,Three character traditional maybe.,"Elliott, Mcfarland and Duran",Automotive,12,USD,439,Plum,XS,pre_order
72,Silent Webcam Webcam Treadmill Sense Portable Advanced,Leg my mother father.,George-Day,Makeup,148,USD,650,Aqua,M,backorder
73,Compact Thermostat Oven,Focus that consumer amount half.,Hull Inc,Home & Kitchen,685,USD,747,SaddleBrown,30x40 cm,in_stock
74,Wireless Watch Tablet Printer Automatic Eco Sense,Might poor animal must protect blue forward.,Fleming Inc,Smartwatches,59,USD,169,Sienna,Large,out_of_stock
75,Automatic Blender,Smile human machine section bank.,Mahoney-Bryan,Home Decor,630,USD,438,LightGoldenRodYellow,8x10 in,backorder
76,Rechargeable Webcam Dock Heater,Organization address section collection church gun consumer do.,Kennedy-Gordon,Cycling,800,USD,151,Brown,XXL,in_stock
77,Clean Toaster Oven Air Touch,Heavy threat beautiful material assume piece.,Olsen-Sawyer,Kids' Clothing,365,USD,71,LimeGreen,Medium,pre_order
78,Brush,Control daughter effect investment piece training nation.,"Lowe, Mosley and Rivera",Bedding & Bath,273,USD,623,RoyalBlue,S,in_stock
79,Portable Kettle,Apply out industry must tell.,Sampson-Leon,Home & Kitchen,50,USD,413,MediumAquaMarine,L,pre_order
80,Rechargeable Brush Compact,Early century every amount than past.,Castro-Mccarty,Automotive,748,USD,326,Sienna,S,out_of_stock
81,Fast Heater Cooker Compact Silent,Strategy fund mind rather change.,"Decker, Montes and Logan",Makeup,367,USD,19,Orchid,8x10 in,in_stock
82,Mini Drone X Portable,Shoulder cost especially.,Whitney Group,Books & Stationery,352,USD,123,BlueViolet,Medium,backorder
83,Heater Keyboard,Remember here kind enjoy source room reflect be.,Brooks and Sons,Office Supplies,103,USD,208,Chocolate,Extra Large,backorder
84,Wireless Fan Thermostat Max Automatic Max,Design price for especially section college over green.,Kaiser-Banks,Books & Stationery,423,USD,759,MidnightBlue,5x7 in,in_stock
85,Fast Keyboard,Success other institution fear.,Lewis Ltd,Camping & Hiking,998,USD,10,Cyan,50x70 cm,limited_stock
86,Ultra Mixer Toaster Toaster Smart,Much guess have pattern southern true hair miss.,Galloway and Sons,Women's Clothing,342,USD,221,Tomato,S,pre_order
87,Silent Speakerphone Scanner Monitor,Quality yet significant lawyer face field yet realize.,Cowan Inc,Fragrances,593,USD,580,Navy,XXL,discontinued
88,Silent Scanner Monitor Treadmill,Do interesting suggest agreement range admit rule.,"Nichols, Howe and Miller",Health & Wellness,30,USD,728,Wheat,10x10 cm,pre_order
89,Fast Vacuum Cooler,Explain six firm recent rock skin.,Blair-Russell,Sports & Outdoors,307,USD,320,LightSalmon,L,limited_stock
90,Digital Trimmer,Ago floor nice member wait.,Christian-Tanner,Laptops & Computers,541,USD,488,SteelBlue,M,pre_order
91,Automatic Trimmer Sense,Much table ground information news senior.,Harrington-Valentine,Kitchen Appliances,405,USD,950,SlateGray,8x10 in,in_stock
92,Portable Scooter Wireless Digital,Thousand various evidence.,Bauer Inc,Cameras & Accessories,519,USD,495,DeepSkyBlue,Large,in_stock
93,Fridge Cooker,Try better loss pretty special.,Jackson Group,Furniture,393,USD,499,Black,Small,in_stock
94,Scanner,Draw material quickly most.,"Wang, Ayala and Bowen",Cleaning Supplies,472,USD,63,ForestGreen,12x18 in,backorder
95,Ultra Radio Radio,Shoulder red boy away if.,Maldonado-Ritter,Haircare,382,USD,639,Aquamarine,12x18 in,pre_order
96,Router,Investment everything story buy.,Atkinson Inc,Laptops & Computers,375,USD,703,Gainsboro,8x10 in,limited_stock
97,Fast Thermostat Microphone Scooter,Nature notice themselves news.,Shea Ltd,Beauty & Personal Care,289,USD,727,White,Extra Large,backorder
98,Eco Heater Toaster Stove Silent Sense,Understand still or summer rule.,West Ltd,Cleaning Supplies,232,USD,998,OldLace,Small,limited_stock
99,Clean Blender Scale Lite,Final art some push.,"Bell, Gamble and Barrett",Camping & Hiking,241,USD,391,Aquamarine,5x7 in,limited_stock
100,Smart Lamp,However public major baby.,"Hebert, Hughes and Trujillo",Bedding & Bath,71,USD,518,Brown,Medium,limited_stock
